{
  "images" : [
    {
      "size" : "29x29",
      "idiom" : "iphone",
      "filename" : "icon_29.png",
      "scale" : "1x"
    },
    {
      "size" : "29x29",
      "idiom" : "iphone",
      "filename" : "icon_58.png",
      "scale" : "2x"
    },
    {
      "size" : "40x40",
      "idiom" : "iphone",
      "filename" : "icon_80.png",
      "scale" : "2x"
    },
    {
      "size" : "57x57",
      "idiom" : "iphone",
      "filename" : "icon_57.png",
      "scale" : "1x"
    },
    {
      "size" : "57x57",
      "idiom" : "iphone",
      "filename" : "icon_114.png",
      "scale" : "2x"
    },
    {
      "size" : "60x60",
      "idiom" : "iphone",
      "filename" : "icon_120.png",
      "scale" : "2x"
    },
    {
      "size" : "29x29",
      "idiom" : "ipad",
      "filename" : "icon_29.png",
      "scale" : "1x"
    },
    {
      "size" : "29x29",
      "idiom" : "ipad",
      "filename" : "icon_58.png",
      "scale" : "2x"
    },
    {
      "size" : "40x40",
      "idiom" : "ipad",
      "filename" : "icon_40.png",
      "scale" : "1x"
    },
    {
      "size" : "40x40",
      "idiom" : "ipad",
      "filename" : "icon_80.png",
      "scale" : "2x"
    },
    {
      "size" : "50x50",
      "idiom" : "ipad",
      "filename" : "icon_50.png",
      "scale" : "1x"
    },
    {
      "size" : "50x50",
      "idiom" : "ipad",
      "filename" : "icon_100.png",
      "scale" : "2x"
    },
    {
      "size" : "72x72",
      "idiom" : "ipad",
      "filename" : "icon_72.png",
      "scale" : "1x"
    },
    {
      "size" : "72x72",
      "idiom" : "ipad",
      "filename" : "icon_144.png",
      "scale" : "2x"
    },
    {
      "size" : "76x76",
      "idiom" : "ipad",
      "filename" : "icon_76.png",
      "scale" : "1x"
    },
    {
      "size" : "76x76",
      "idiom" : "ipad",
      "filename" : "icon_152.png",
      "scale" : "2x"
    }
  ],
  "info" : {
    "version" : 1,
    "author" : "xcode"
  },
  "properties" : {
    "pre-rendered" : true
  }
}